{
    "providers": [
        {
            "type": "bitmap",
            "file": "minecraft:ranks/1000144688.png",
            "ascent": 8,
            "height": 8,
            "chars": [
                ""
            ]
        },
        {
            "type": "bitmap",
            "file": "minecraft:ranks/1000144687.png",
            "ascent": 8,
            "height": 8,
            "chars": [
                ""
            ]
        },
        {
            "type": "bitmap",
            "file": "minecraft:ranks/1000144684.png",
            "ascent": 8,
            "height": 8,
            "chars": [
                ""
            ]
        },
        {
            "type": "bitmap",
            "file": "minecraft:ranks/1000144686.png",
            "ascent": 8,
            "height": 8,
            "chars": [
                ""
            ]
        },
        {
            "type": "bitmap",
            "file": "minecraft:ranks/1000144685.png",
            "ascent": 8,
            "height": 8,
            "chars": [
                ""
            ]
        }
    ]
}